Name,Institution
Daron Acemoglu,MIT
Alberto Alesina,Harvard
Joseph Altonji,Yale
Alan Auerbach,Berkeley
David Autor,MIT
Katherine Baicker,Chicago
Abhijit Banerjee,MIT
Marianne Bertrand,Chicago
Markus Brunnermeier,Princeton
Raj Chetty,Stanford
Judith Chevalier,Yale
Janet Currie,Princeton
David Cutler,Harvard
Angus Deaton,Princeton
Darrell Duffie,Stanford
Aaron Edlin,Berkeley
Barry Eichengreen,Berkeley
Liran Einav,Stanford
Ray Fair,Yale
Amy Finkelstein,MIT
Pinelopi Goldberg,Yale
Claudia Goldin,Harvard
Austan Goolsbee,Chicago
Michael Greenstone,Chicago
Robert Hall,Stanford
Oliver Hart,Harvard
Bengt Holmström,MIT
Caroline Hoxby,Stanford
Hilary Hoynes,Berkeley
Kenneth Judd,Stanford
Steven Kaplan,Chicago
Anil Kashyap,Chicago
Pete Klenow,Stanford
Edward Lazear,Stanford
Jonathan Levin,Stanford
Eric Maskin,Harvard
William Nordhaus,Yale
Maurice Obstfeld,Berkeley
Cecilia Rouse,Princeton
Emmanuel Saez,Berkeley
Larry Samuelson,Yale
José Scheinkman,Columbia University
Richard Schmalensee,MIT
Carl Shapiro,Berkeley
Robert Shimer,Chicago
Hyun Song Shin,Princeton
James Stock,Harvard
Nancy Stokey,Chicago
Richard Thaler,Chicago
Christopher Udry,Northwestern
Luigi Zingales,Chicago
